-- Auto-generated seed: Illustration products from Cloudinary uploads
-- Generated by generate_seed_from_cloudinary.py

BEGIN;

-- Products
INSERT INTO Products
(Id, ArtistId, ProductId, Name, Slug, NameCode, PrintName, Description, ShortDescription,
 BasePrice, FinalPrice, CurrencyCode, CategoryId, SubCategoryId, IsFeatured, IsAvailable,
 CoverImageUrl, HeaderImageUrl, AverageRating, ReviewCount, StockQuantity,
 CreatedAt, CreatedBy, UpdatedAt, UpdatedBy, IsUsingStandardVariants)
OVERRIDING SYSTEM VALUE
VALUES
(4, 1, 'BIP-ILL-004', 'Illustration 10', 'illustration-10', 'ILLUSTRATION_10', 'Illustration 10', 'Original illustration available as digital download or fine art print.', 'Art print from the BlackInk Paper collection.', 1499.0, 1199.0, 'INR', 1, 1, FALSE, TRUE, 'https://res.cloudinary.com/blackinkpaper/image/upload/v1778612606/illustrations/asset_10.svg', 'https://res.cloudinary.com/blackinkpaper/image/upload/v1778612606/illustrations/asset_10.svg', 0.0, 0, NULL, CURRENT_TIMESTAMP, 'seed', CURRENT_TIMESTAMP, 'seed', TRUE),
(5, 1, 'BIP-ILL-005', 'Illustration 13', 'illustration-13', 'ILLUSTRATION_13', 'Illustration 13', 'Original illustration available as digital download or fine art print.', 'Art print from the BlackInk Paper collection.', 1499.0, 1199.0, 'INR', 1, 1, FALSE, TRUE, 'https://res.cloudinary.com/blackinkpaper/image/upload/v1778612783/illustrations/asset_13.svg', 'https://res.cloudinary.com/blackinkpaper/image/upload/v1778612783/illustrations/asset_13.svg', 0.0, 0, NULL, CURRENT_TIMESTAMP, 'seed', CURRENT_TIMESTAMP, 'seed', TRUE),
(6, 1, 'BIP-ILL-006', 'Illustration 14', 'illustration-14', 'ILLUSTRATION_14', 'Illustration 14', 'Original illustration available as digital download or fine art print.', 'Art print from the BlackInk Paper collection.', 1499.0, 1199.0, 'INR', 1, 1, FALSE, TRUE, 'https://res.cloudinary.com/blackinkpaper/image/upload/v1778612883/illustrations/asset_14.svg', 'https://res.cloudinary.com/blackinkpaper/image/upload/v1778612883/illustrations/asset_14.svg', 0.0, 0, NULL, CURRENT_TIMESTAMP, 'seed', CURRENT_TIMESTAMP, 'seed', TRUE),
(7, 1, 'BIP-ILL-007', 'Illustration 15', 'illustration-15', 'ILLUSTRATION_15', 'Illustration 15', 'Original illustration available as digital download or fine art print.', 'Art print from the BlackInk Paper collection.', 1499.0, 1199.0, 'INR', 1, 1, FALSE, TRUE, 'https://res.cloudinary.com/blackinkpaper/image/upload/v1778612970/illustrations/asset_15.svg', 'https://res.cloudinary.com/blackinkpaper/image/upload/v1778612970/illustrations/asset_15.svg', 0.0, 0, NULL, CURRENT_TIMESTAMP, 'seed', CURRENT_TIMESTAMP, 'seed', TRUE),
(8, 1, 'BIP-ILL-008', 'Illustration 17', 'illustration-17', 'ILLUSTRATION_17', 'Illustration 17', 'Original illustration available as digital download or fine art print.', 'Art print from the BlackInk Paper collection.', 1499.0, 1199.0, 'INR', 1, 1, FALSE, TRUE, 'https://res.cloudinary.com/blackinkpaper/image/upload/v1778613012/illustrations/asset_17.svg', 'https://res.cloudinary.com/blackinkpaper/image/upload/v1778613012/illustrations/asset_17.svg', 0.0, 0, NULL, CURRENT_TIMESTAMP, 'seed', CURRENT_TIMESTAMP, 'seed', TRUE),
(9, 1, 'BIP-ILL-009', 'Illustration 19', 'illustration-19', 'ILLUSTRATION_19', 'Illustration 19', 'Original illustration available as digital download or fine art print.', 'Art print from the BlackInk Paper collection.', 1499.0, 1199.0, 'INR', 1, 1, FALSE, TRUE, 'https://res.cloudinary.com/blackinkpaper/image/upload/v1778613057/illustrations/asset_19.svg', 'https://res.cloudinary.com/blackinkpaper/image/upload/v1778613057/illustrations/asset_19.svg', 0.0, 0, NULL, CURRENT_TIMESTAMP, 'seed', CURRENT_TIMESTAMP, 'seed', TRUE),
(10, 1, 'BIP-ILL-010', 'Illustration 2', 'illustration-2', 'ILLUSTRATION_2', 'Illustration 2', 'Original illustration available as digital download or fine art print.', 'Art print from the BlackInk Paper collection.', 1499.0, 1199.0, 'INR', 1, 1, FALSE, TRUE, 'https://res.cloudinary.com/blackinkpaper/image/upload/v1778613194/illustrations/asset_2.svg', 'https://res.cloudinary.com/blackinkpaper/image/upload/v1778613194/illustrations/asset_2.svg', 0.0, 0, NULL, CURRENT_TIMESTAMP, 'seed', CURRENT_TIMESTAMP, 'seed', TRUE),
(11, 1, 'BIP-ILL-011', 'Illustration 20', 'illustration-20', 'ILLUSTRATION_20', 'Illustration 20', 'Original illustration available as digital download or fine art print.', 'Art print from the BlackInk Paper collection.', 1499.0, 1199.0, 'INR', 1, 1, FALSE, TRUE, 'https://res.cloudinary.com/blackinkpaper/image/upload/v1778613234/illustrations/asset_20.svg', 'https://res.cloudinary.com/blackinkpaper/image/upload/v1778613234/illustrations/asset_20.svg', 0.0, 0, NULL, CURRENT_TIMESTAMP, 'seed', CURRENT_TIMESTAMP, 'seed', TRUE),
(12, 1, 'BIP-ILL-012', 'Illustration 21', 'illustration-21', 'ILLUSTRATION_21', 'Illustration 21', 'Original illustration available as digital download or fine art print.', 'Art print from the BlackInk Paper collection.', 1499.0, 1199.0, 'INR', 1, 1, FALSE, TRUE, 'https://res.cloudinary.com/blackinkpaper/image/upload/v1778613533/illustrations/asset_21.svg', 'https://res.cloudinary.com/blackinkpaper/image/upload/v1778613533/illustrations/asset_21.svg', 0.0, 0, NULL, CURRENT_TIMESTAMP, 'seed', CURRENT_TIMESTAMP, 'seed', TRUE),
(13, 1, 'BIP-ILL-013', 'Illustration 22', 'illustration-22', 'ILLUSTRATION_22', 'Illustration 22', 'Original illustration available as digital download or fine art print.', 'Art print from the BlackInk Paper collection.', 1499.0, 1199.0, 'INR', 1, 1, FALSE, TRUE, 'https://res.cloudinary.com/blackinkpaper/image/upload/v1778613562/illustrations/asset_22.svg', 'https://res.cloudinary.com/blackinkpaper/image/upload/v1778613562/illustrations/asset_22.svg', 0.0, 0, NULL, CURRENT_TIMESTAMP, 'seed', CURRENT_TIMESTAMP, 'seed', TRUE),
(14, 1, 'BIP-ILL-014', 'Illustration 23', 'illustration-23', 'ILLUSTRATION_23', 'Illustration 23', 'Original illustration available as digital download or fine art print.', 'Art print from the BlackInk Paper collection.', 1499.0, 1199.0, 'INR', 1, 1, FALSE, TRUE, 'https://res.cloudinary.com/blackinkpaper/image/upload/v1778613591/illustrations/asset_23.svg', 'https://res.cloudinary.com/blackinkpaper/image/upload/v1778613591/illustrations/asset_23.svg', 0.0, 0, NULL, CURRENT_TIMESTAMP, 'seed', CURRENT_TIMESTAMP, 'seed', TRUE),
(15, 1, 'BIP-ILL-015', 'Illustration 24', 'illustration-24', 'ILLUSTRATION_24', 'Illustration 24', 'Original illustration available as digital download or fine art print.', 'Art print from the BlackInk Paper collection.', 1499.0, 1199.0, 'INR', 1, 1, FALSE, TRUE, 'https://res.cloudinary.com/blackinkpaper/image/upload/v1778613616/illustrations/asset_24.svg', 'https://res.cloudinary.com/blackinkpaper/image/upload/v1778613616/illustrations/asset_24.svg', 0.0, 0, NULL, CURRENT_TIMESTAMP, 'seed', CURRENT_TIMESTAMP, 'seed', TRUE),
(16, 1, 'BIP-ILL-016', 'Illustration 25', 'illustration-25', 'ILLUSTRATION_25', 'Illustration 25', 'Original illustration available as digital download or fine art print.', 'Art print from the BlackInk Paper collection.', 1499.0, 1199.0, 'INR', 1, 1, FALSE, TRUE, 'https://res.cloudinary.com/blackinkpaper/image/upload/v1778613646/illustrations/asset_25.svg', 'https://res.cloudinary.com/blackinkpaper/image/upload/v1778613646/illustrations/asset_25.svg', 0.0, 0, NULL, CURRENT_TIMESTAMP, 'seed', CURRENT_TIMESTAMP, 'seed', TRUE),
(17, 1, 'BIP-ILL-017', 'Illustration 26', 'illustration-26', 'ILLUSTRATION_26', 'Illustration 26', 'Original illustration available as digital download or fine art print.', 'Art print from the BlackInk Paper collection.', 1499.0, 1199.0, 'INR', 1, 1, FALSE, TRUE, 'https://res.cloudinary.com/blackinkpaper/image/upload/v1778613653/illustrations/asset_26.svg', 'https://res.cloudinary.com/blackinkpaper/image/upload/v1778613653/illustrations/asset_26.svg', 0.0, 0, NULL, CURRENT_TIMESTAMP, 'seed', CURRENT_TIMESTAMP, 'seed', TRUE),
(18, 1, 'BIP-ILL-018', 'Illustration 27', 'illustration-27', 'ILLUSTRATION_27', 'Illustration 27', 'Original illustration available as digital download or fine art print.', 'Art print from the BlackInk Paper collection.', 1499.0, 1199.0, 'INR', 1, 1, FALSE, TRUE, 'https://res.cloudinary.com/blackinkpaper/image/upload/v1778613663/illustrations/asset_27.svg', 'https://res.cloudinary.com/blackinkpaper/image/upload/v1778613663/illustrations/asset_27.svg', 0.0, 0, NULL, CURRENT_TIMESTAMP, 'seed', CURRENT_TIMESTAMP, 'seed', TRUE),
(19, 1, 'BIP-ILL-019', 'Illustration 28', 'illustration-28', 'ILLUSTRATION_28', 'Illustration 28', 'Original illustration available as digital download or fine art print.', 'Art print from the BlackInk Paper collection.', 1499.0, 1199.0, 'INR', 1, 1, FALSE, TRUE, 'https://res.cloudinary.com/blackinkpaper/image/upload/v1778613689/illustrations/asset_28.svg', 'https://res.cloudinary.com/blackinkpaper/image/upload/v1778613689/illustrations/asset_28.svg', 0.0, 0, NULL, CURRENT_TIMESTAMP, 'seed', CURRENT_TIMESTAMP, 'seed', TRUE),
(20, 1, 'BIP-ILL-020', 'Illustration 29', 'illustration-29', 'ILLUSTRATION_29', 'Illustration 29', 'Original illustration available as digital download or fine art print.', 'Art print from the BlackInk Paper collection.', 1499.0, 1199.0, 'INR', 1, 1, FALSE, TRUE, 'https://res.cloudinary.com/blackinkpaper/image/upload/v1778613729/illustrations/asset_29.svg', 'https://res.cloudinary.com/blackinkpaper/image/upload/v1778613729/illustrations/asset_29.svg', 0.0, 0, NULL, CURRENT_TIMESTAMP, 'seed', CURRENT_TIMESTAMP, 'seed', TRUE),
(21, 1, 'BIP-ILL-021', 'Illustration 3', 'illustration-3', 'ILLUSTRATION_3', 'Illustration 3', 'Original illustration available as digital download or fine art print.', 'Art print from the BlackInk Paper collection.', 1499.0, 1199.0, 'INR', 1, 1, FALSE, TRUE, 'https://res.cloudinary.com/blackinkpaper/image/upload/v1778613815/illustrations/asset_3.svg', 'https://res.cloudinary.com/blackinkpaper/image/upload/v1778613815/illustrations/asset_3.svg', 0.0, 0, NULL, CURRENT_TIMESTAMP, 'seed', CURRENT_TIMESTAMP, 'seed', TRUE),
(22, 1, 'BIP-ILL-022', 'Illustration 30', 'illustration-30', 'ILLUSTRATION_30', 'Illustration 30', 'Original illustration available as digital download or fine art print.', 'Art print from the BlackInk Paper collection.', 1499.0, 1199.0, 'INR', 1, 1, FALSE, TRUE, 'https://res.cloudinary.com/blackinkpaper/image/upload/v1778613885/illustrations/asset_30.svg', 'https://res.cloudinary.com/blackinkpaper/image/upload/v1778613885/illustrations/asset_30.svg', 0.0, 0, NULL, CURRENT_TIMESTAMP, 'seed', CURRENT_TIMESTAMP, 'seed', TRUE),
(23, 1, 'BIP-ILL-023', 'Illustration 31', 'illustration-31', 'ILLUSTRATION_31', 'Illustration 31', 'Original illustration available as digital download or fine art print.', 'Art print from the BlackInk Paper collection.', 1499.0, 1199.0, 'INR', 1, 1, FALSE, TRUE, 'https://res.cloudinary.com/blackinkpaper/image/upload/v1778613901/illustrations/asset_31.svg', 'https://res.cloudinary.com/blackinkpaper/image/upload/v1778613901/illustrations/asset_31.svg', 0.0, 0, NULL, CURRENT_TIMESTAMP, 'seed', CURRENT_TIMESTAMP, 'seed', TRUE);

-- ArtSpecifications
INSERT INTO ArtSpecifications
(ProductId, Width, Height, Unit, WeightGrams, IsFramed, Material, FileFormat, ResolutionDpi,
 PixelDimensions, PaperType, PaperWeight, InkType, IsOriginal, IsSigned, HasCertificate,
 FramingStatus, CreatedAt, UpdatedAt)
VALUES
(4, NULL, NULL, 'cm', NULL, NULL, NULL, 'SVG', 300, '847x624', 'Digital', NULL, NULL, FALSE, FALSE, FALSE, 'Unframed', CURRENT_TIMESTAMP, CURRENT_TIMESTAMP),
(5, NULL, NULL, 'cm', NULL, NULL, NULL, 'SVG', 300, '426x624', 'Digital', NULL, NULL, FALSE, FALSE, FALSE, 'Unframed', CURRENT_TIMESTAMP, CURRENT_TIMESTAMP),
(6, NULL, NULL, 'cm', NULL, NULL, NULL, 'SVG', 300, '848x624', 'Digital', NULL, NULL, FALSE, FALSE, FALSE, 'Unframed', CURRENT_TIMESTAMP, CURRENT_TIMESTAMP),
(7, NULL, NULL, 'cm', NULL, NULL, NULL, 'SVG', 300, '425x624', 'Digital', NULL, NULL, FALSE, FALSE, FALSE, 'Unframed', CURRENT_TIMESTAMP, CURRENT_TIMESTAMP),
(8, NULL, NULL, 'cm', NULL, NULL, NULL, 'SVG', 300, '381x282', 'Digital', NULL, NULL, FALSE, FALSE, FALSE, 'Unframed', CURRENT_TIMESTAMP, CURRENT_TIMESTAMP),
(9, NULL, NULL, 'cm', NULL, NULL, NULL, 'SVG', 300, '307x227', 'Digital', NULL, NULL, FALSE, FALSE, FALSE, 'Unframed', CURRENT_TIMESTAMP, CURRENT_TIMESTAMP),
(10, NULL, NULL, 'cm', NULL, NULL, NULL, 'SVG', 300, '372x473', 'Digital', NULL, NULL, FALSE, FALSE, FALSE, 'Unframed', CURRENT_TIMESTAMP, CURRENT_TIMESTAMP),
(11, NULL, NULL, 'cm', NULL, NULL, NULL, 'SVG', 300, '174x248', 'Digital', NULL, NULL, FALSE, FALSE, FALSE, 'Unframed', CURRENT_TIMESTAMP, CURRENT_TIMESTAMP),
(12, NULL, NULL, 'cm', NULL, NULL, NULL, 'SVG', 300, '175x253', 'Digital', NULL, NULL, FALSE, FALSE, FALSE, 'Unframed', CURRENT_TIMESTAMP, CURRENT_TIMESTAMP),
(13, NULL, NULL, 'cm', NULL, NULL, NULL, 'SVG', 300, '180x258', 'Digital', NULL, NULL, FALSE, FALSE, FALSE, 'Unframed', CURRENT_TIMESTAMP, CURRENT_TIMESTAMP),
(14, NULL, NULL, 'cm', NULL, NULL, NULL, 'SVG', 300, '155x224', 'Digital', NULL, NULL, FALSE, FALSE, FALSE, 'Unframed', CURRENT_TIMESTAMP, CURRENT_TIMESTAMP),
(15, NULL, NULL, 'cm', NULL, NULL, NULL, 'SVG', 300, '282x216', 'Digital', NULL, NULL, FALSE, FALSE, FALSE, 'Unframed', CURRENT_TIMESTAMP, CURRENT_TIMESTAMP),
(16, NULL, NULL, 'cm', NULL, NULL, NULL, 'SVG', 300, '342x217', 'Digital', NULL, NULL, FALSE, FALSE, FALSE, 'Unframed', CURRENT_TIMESTAMP, CURRENT_TIMESTAMP),
(17, NULL, NULL, 'cm', NULL, NULL, NULL, 'SVG', 300, '263x211', 'Digital', NULL, NULL, FALSE, FALSE, FALSE, 'Unframed', CURRENT_TIMESTAMP, CURRENT_TIMESTAMP),
(18, NULL, NULL, 'cm', NULL, NULL, NULL, 'SVG', 300, '372x473', 'Digital', NULL, NULL, FALSE, FALSE, FALSE, 'Unframed', CURRENT_TIMESTAMP, CURRENT_TIMESTAMP),
(19, NULL, NULL, 'cm', NULL, NULL, NULL, 'SVG', 300, '259x304', 'Digital', NULL, NULL, FALSE, FALSE, FALSE, 'Unframed', CURRENT_TIMESTAMP, CURRENT_TIMESTAMP),
(20, NULL, NULL, 'cm', NULL, NULL, NULL, 'SVG', 300, '398x622', 'Digital', NULL, NULL, FALSE, FALSE, FALSE, 'Unframed', CURRENT_TIMESTAMP, CURRENT_TIMESTAMP),
(21, NULL, NULL, 'cm', NULL, NULL, NULL, 'SVG', 300, '372x493', 'Digital', NULL, NULL, FALSE, FALSE, FALSE, 'Unframed', CURRENT_TIMESTAMP, CURRENT_TIMESTAMP),
(22, NULL, NULL, 'cm', NULL, NULL, NULL, 'SVG', 300, '398x555', 'Digital', NULL, NULL, FALSE, FALSE, FALSE, 'Unframed', CURRENT_TIMESTAMP, CURRENT_TIMESTAMP),
(23, NULL, NULL, 'cm', NULL, NULL, NULL, 'SVG', 300, '398x555', 'Digital', NULL, NULL, FALSE, FALSE, FALSE, 'Unframed', CURRENT_TIMESTAMP, CURRENT_TIMESTAMP);

-- ProductVariants
INSERT INTO ProductVariants
(Id, ProductId, Label, FulfillmentType, Sku, WeightGrams, StockQuantity, AbsolutePrice)
OVERRIDING SYSTEM VALUE
VALUES
(5, 4, 'A4 Digital Download', 0, 'ILL004-A4-DL', 0, NULL, 1199.0),
(6, 4, 'A4 Fine Art Print', 1, 'ILL004-A4-PRT', 450, 15, 1499.0),
(7, 4, 'A3 Fine Art Print', 1, 'ILL004-A3-PRT', 750, 10, 1999.0),
(8, 5, 'A4 Digital Download', 0, 'ILL005-A4-DL', 0, NULL, 1199.0),
(9, 5, 'A4 Fine Art Print', 1, 'ILL005-A4-PRT', 450, 15, 1499.0),
(10, 5, 'A3 Fine Art Print', 1, 'ILL005-A3-PRT', 750, 10, 1999.0),
(11, 6, 'A4 Digital Download', 0, 'ILL006-A4-DL', 0, NULL, 1199.0),
(12, 6, 'A4 Fine Art Print', 1, 'ILL006-A4-PRT', 450, 15, 1499.0),
(13, 6, 'A3 Fine Art Print', 1, 'ILL006-A3-PRT', 750, 10, 1999.0),
(14, 7, 'A4 Digital Download', 0, 'ILL007-A4-DL', 0, NULL, 1199.0),
(15, 7, 'A4 Fine Art Print', 1, 'ILL007-A4-PRT', 450, 15, 1499.0),
(16, 7, 'A3 Fine Art Print', 1, 'ILL007-A3-PRT', 750, 10, 1999.0),
(17, 8, 'A4 Digital Download', 0, 'ILL008-A4-DL', 0, NULL, 1199.0),
(18, 8, 'A4 Fine Art Print', 1, 'ILL008-A4-PRT', 450, 15, 1499.0),
(19, 8, 'A3 Fine Art Print', 1, 'ILL008-A3-PRT', 750, 10, 1999.0),
(20, 9, 'A4 Digital Download', 0, 'ILL009-A4-DL', 0, NULL, 1199.0),
(21, 9, 'A4 Fine Art Print', 1, 'ILL009-A4-PRT', 450, 15, 1499.0),
(22, 9, 'A3 Fine Art Print', 1, 'ILL009-A3-PRT', 750, 10, 1999.0),
(23, 10, 'A4 Digital Download', 0, 'ILL010-A4-DL', 0, NULL, 1199.0),
(24, 10, 'A4 Fine Art Print', 1, 'ILL010-A4-PRT', 450, 15, 1499.0),
(25, 10, 'A3 Fine Art Print', 1, 'ILL010-A3-PRT', 750, 10, 1999.0),
(26, 11, 'A4 Digital Download', 0, 'ILL011-A4-DL', 0, NULL, 1199.0),
(27, 11, 'A4 Fine Art Print', 1, 'ILL011-A4-PRT', 450, 15, 1499.0),
(28, 11, 'A3 Fine Art Print', 1, 'ILL011-A3-PRT', 750, 10, 1999.0),
(29, 12, 'A4 Digital Download', 0, 'ILL012-A4-DL', 0, NULL, 1199.0),
(30, 12, 'A4 Fine Art Print', 1, 'ILL012-A4-PRT', 450, 15, 1499.0),
(31, 12, 'A3 Fine Art Print', 1, 'ILL012-A3-PRT', 750, 10, 1999.0),
(32, 13, 'A4 Digital Download', 0, 'ILL013-A4-DL', 0, NULL, 1199.0),
(33, 13, 'A4 Fine Art Print', 1, 'ILL013-A4-PRT', 450, 15, 1499.0),
(34, 13, 'A3 Fine Art Print', 1, 'ILL013-A3-PRT', 750, 10, 1999.0),
(35, 14, 'A4 Digital Download', 0, 'ILL014-A4-DL', 0, NULL, 1199.0),
(36, 14, 'A4 Fine Art Print', 1, 'ILL014-A4-PRT', 450, 15, 1499.0),
(37, 14, 'A3 Fine Art Print', 1, 'ILL014-A3-PRT', 750, 10, 1999.0),
(38, 15, 'A4 Digital Download', 0, 'ILL015-A4-DL', 0, NULL, 1199.0),
(39, 15, 'A4 Fine Art Print', 1, 'ILL015-A4-PRT', 450, 15, 1499.0),
(40, 15, 'A3 Fine Art Print', 1, 'ILL015-A3-PRT', 750, 10, 1999.0),
(41, 16, 'A4 Digital Download', 0, 'ILL016-A4-DL', 0, NULL, 1199.0),
(42, 16, 'A4 Fine Art Print', 1, 'ILL016-A4-PRT', 450, 15, 1499.0),
(43, 16, 'A3 Fine Art Print', 1, 'ILL016-A3-PRT', 750, 10, 1999.0),
(44, 17, 'A4 Digital Download', 0, 'ILL017-A4-DL', 0, NULL, 1199.0),
(45, 17, 'A4 Fine Art Print', 1, 'ILL017-A4-PRT', 450, 15, 1499.0),
(46, 17, 'A3 Fine Art Print', 1, 'ILL017-A3-PRT', 750, 10, 1999.0),
(47, 18, 'A4 Digital Download', 0, 'ILL018-A4-DL', 0, NULL, 1199.0),
(48, 18, 'A4 Fine Art Print', 1, 'ILL018-A4-PRT', 450, 15, 1499.0),
(49, 18, 'A3 Fine Art Print', 1, 'ILL018-A3-PRT', 750, 10, 1999.0),
(50, 19, 'A4 Digital Download', 0, 'ILL019-A4-DL', 0, NULL, 1199.0),
(51, 19, 'A4 Fine Art Print', 1, 'ILL019-A4-PRT', 450, 15, 1499.0),
(52, 19, 'A3 Fine Art Print', 1, 'ILL019-A3-PRT', 750, 10, 1999.0),
(53, 20, 'A4 Digital Download', 0, 'ILL020-A4-DL', 0, NULL, 1199.0),
(54, 20, 'A4 Fine Art Print', 1, 'ILL020-A4-PRT', 450, 15, 1499.0),
(55, 20, 'A3 Fine Art Print', 1, 'ILL020-A3-PRT', 750, 10, 1999.0),
(56, 21, 'A4 Digital Download', 0, 'ILL021-A4-DL', 0, NULL, 1199.0),
(57, 21, 'A4 Fine Art Print', 1, 'ILL021-A4-PRT', 450, 15, 1499.0),
(58, 21, 'A3 Fine Art Print', 1, 'ILL021-A3-PRT', 750, 10, 1999.0),
(59, 22, 'A4 Digital Download', 0, 'ILL022-A4-DL', 0, NULL, 1199.0),
(60, 22, 'A4 Fine Art Print', 1, 'ILL022-A4-PRT', 450, 15, 1499.0),
(61, 22, 'A3 Fine Art Print', 1, 'ILL022-A3-PRT', 750, 10, 1999.0),
(62, 23, 'A4 Digital Download', 0, 'ILL023-A4-DL', 0, NULL, 1199.0),
(63, 23, 'A4 Fine Art Print', 1, 'ILL023-A4-PRT', 450, 15, 1499.0),
(64, 23, 'A3 Fine Art Print', 1, 'ILL023-A3-PRT', 750, 10, 1999.0);

-- ProductVariantOptions
INSERT INTO ProductVariantOptions
(Id, ProductVariantId, Value, PriceModifier, AbsolutePrice, StockQuantity)
OVERRIDING SYSTEM VALUE
VALUES
(5, 5, 'A4', 0.00, 1199.0, NULL),
(6, 6, 'A4', 0.00, 1499.0, 15),
(7, 7, 'A3', 0.00, 1999.0, 10),
(8, 8, 'A4', 0.00, 1199.0, NULL),
(9, 9, 'A4', 0.00, 1499.0, 15),
(10, 10, 'A3', 0.00, 1999.0, 10),
(11, 11, 'A4', 0.00, 1199.0, NULL),
(12, 12, 'A4', 0.00, 1499.0, 15),
(13, 13, 'A3', 0.00, 1999.0, 10),
(14, 14, 'A4', 0.00, 1199.0, NULL),
(15, 15, 'A4', 0.00, 1499.0, 15),
(16, 16, 'A3', 0.00, 1999.0, 10),
(17, 17, 'A4', 0.00, 1199.0, NULL),
(18, 18, 'A4', 0.00, 1499.0, 15),
(19, 19, 'A3', 0.00, 1999.0, 10),
(20, 20, 'A4', 0.00, 1199.0, NULL),
(21, 21, 'A4', 0.00, 1499.0, 15),
(22, 22, 'A3', 0.00, 1999.0, 10),
(23, 23, 'A4', 0.00, 1199.0, NULL),
(24, 24, 'A4', 0.00, 1499.0, 15),
(25, 25, 'A3', 0.00, 1999.0, 10),
(26, 26, 'A4', 0.00, 1199.0, NULL),
(27, 27, 'A4', 0.00, 1499.0, 15),
(28, 28, 'A3', 0.00, 1999.0, 10),
(29, 29, 'A4', 0.00, 1199.0, NULL),
(30, 30, 'A4', 0.00, 1499.0, 15),
(31, 31, 'A3', 0.00, 1999.0, 10),
(32, 32, 'A4', 0.00, 1199.0, NULL),
(33, 33, 'A4', 0.00, 1499.0, 15),
(34, 34, 'A3', 0.00, 1999.0, 10),
(35, 35, 'A4', 0.00, 1199.0, NULL),
(36, 36, 'A4', 0.00, 1499.0, 15),
(37, 37, 'A3', 0.00, 1999.0, 10),
(38, 38, 'A4', 0.00, 1199.0, NULL),
(39, 39, 'A4', 0.00, 1499.0, 15),
(40, 40, 'A3', 0.00, 1999.0, 10),
(41, 41, 'A4', 0.00, 1199.0, NULL),
(42, 42, 'A4', 0.00, 1499.0, 15),
(43, 43, 'A3', 0.00, 1999.0, 10),
(44, 44, 'A4', 0.00, 1199.0, NULL),
(45, 45, 'A4', 0.00, 1499.0, 15),
(46, 46, 'A3', 0.00, 1999.0, 10),
(47, 47, 'A4', 0.00, 1199.0, NULL),
(48, 48, 'A4', 0.00, 1499.0, 15),
(49, 49, 'A3', 0.00, 1999.0, 10),
(50, 50, 'A4', 0.00, 1199.0, NULL),
(51, 51, 'A4', 0.00, 1499.0, 15),
(52, 52, 'A3', 0.00, 1999.0, 10),
(53, 53, 'A4', 0.00, 1199.0, NULL),
(54, 54, 'A4', 0.00, 1499.0, 15),
(55, 55, 'A3', 0.00, 1999.0, 10),
(56, 56, 'A4', 0.00, 1199.0, NULL),
(57, 57, 'A4', 0.00, 1499.0, 15),
(58, 58, 'A3', 0.00, 1999.0, 10),
(59, 59, 'A4', 0.00, 1199.0, NULL),
(60, 60, 'A4', 0.00, 1499.0, 15),
(61, 61, 'A3', 0.00, 1999.0, 10),
(62, 62, 'A4', 0.00, 1199.0, NULL),
(63, 63, 'A4', 0.00, 1499.0, 15),
(64, 64, 'A3', 0.00, 1999.0, 10);

-- ProductImages
INSERT INTO ProductImages
(Id, ProductId, AltText, IsPrimary, DisplayOrder, PublicId, BaseUrl, AspectRatio,
 Width, Height, PlaceholderUrl, Format, Dpi, FileSize)
OVERRIDING SYSTEM VALUE
VALUES
(1, 4, 'Illustration 10 - Primary', TRUE, 1, 'illustrations/asset_10', 'https://res.cloudinary.com/blackinkpaper/image/upload/v1778612606/illustrations/asset_10.svg', 1.3574, 847, 624, NULL, 'svg', 300, 5666722),
(2, 5, 'Illustration 13 - Primary', TRUE, 1, 'illustrations/asset_13', 'https://res.cloudinary.com/blackinkpaper/image/upload/v1778612783/illustrations/asset_13.svg', 0.6827, 426, 624, NULL, 'svg', 300, 5615197),
(3, 6, 'Illustration 14 - Primary', TRUE, 1, 'illustrations/asset_14', 'https://res.cloudinary.com/blackinkpaper/image/upload/v1778612883/illustrations/asset_14.svg', 1.359, 848, 624, NULL, 'svg', 300, 3430459),
(4, 7, 'Illustration 15 - Primary', TRUE, 1, 'illustrations/asset_15', 'https://res.cloudinary.com/blackinkpaper/image/upload/v1778612970/illustrations/asset_15.svg', 0.6811, 425, 624, NULL, 'svg', 300, 2220401),
(5, 8, 'Illustration 17 - Primary', TRUE, 1, 'illustrations/asset_17', 'https://res.cloudinary.com/blackinkpaper/image/upload/v1778613012/illustrations/asset_17.svg', 1.3511, 381, 282, NULL, 'svg', 300, 1923528),
(6, 9, 'Illustration 19 - Primary', TRUE, 1, 'illustrations/asset_19', 'https://res.cloudinary.com/blackinkpaper/image/upload/v1778613057/illustrations/asset_19.svg', 1.3524, 307, 227, NULL, 'svg', 300, 7992056),
(7, 10, 'Illustration 2 - Primary', TRUE, 1, 'illustrations/asset_2', 'https://res.cloudinary.com/blackinkpaper/image/upload/v1778613194/illustrations/asset_2.svg', 0.7865, 372, 473, NULL, 'svg', 300, 1994558),
(8, 11, 'Illustration 20 - Primary', TRUE, 1, 'illustrations/asset_20', 'https://res.cloudinary.com/blackinkpaper/image/upload/v1778613234/illustrations/asset_20.svg', 0.7016, 174, 248, NULL, 'svg', 300, 3171745),
(9, 12, 'Illustration 21 - Primary', TRUE, 1, 'illustrations/asset_21', 'https://res.cloudinary.com/blackinkpaper/image/upload/v1778613533/illustrations/asset_21.svg', 0.6917, 175, 253, NULL, 'svg', 300, 4162313),
(10, 13, 'Illustration 22 - Primary', TRUE, 1, 'illustrations/asset_22', 'https://res.cloudinary.com/blackinkpaper/image/upload/v1778613562/illustrations/asset_22.svg', 0.6977, 180, 258, NULL, 'svg', 300, 1364181),
(11, 14, 'Illustration 23 - Primary', TRUE, 1, 'illustrations/asset_23', 'https://res.cloudinary.com/blackinkpaper/image/upload/v1778613591/illustrations/asset_23.svg', 0.692, 155, 224, NULL, 'svg', 300, 1553610),
(12, 15, 'Illustration 24 - Primary', TRUE, 1, 'illustrations/asset_24', 'https://res.cloudinary.com/blackinkpaper/image/upload/v1778613616/illustrations/asset_24.svg', 1.3056, 282, 216, NULL, 'svg', 300, 2043473),
(13, 16, 'Illustration 25 - Primary', TRUE, 1, 'illustrations/asset_25', 'https://res.cloudinary.com/blackinkpaper/image/upload/v1778613646/illustrations/asset_25.svg', 1.576, 342, 217, NULL, 'svg', 300, 75533),
(14, 17, 'Illustration 26 - Primary', TRUE, 1, 'illustrations/asset_26', 'https://res.cloudinary.com/blackinkpaper/image/upload/v1778613653/illustrations/asset_26.svg', 1.2464, 263, 211, NULL, 'svg', 300, 100172),
(15, 18, 'Illustration 27 - Primary', TRUE, 1, 'illustrations/asset_27', 'https://res.cloudinary.com/blackinkpaper/image/upload/v1778613663/illustrations/asset_27.svg', 0.7865, 372, 473, NULL, 'svg', 300, 1438539),
(16, 19, 'Illustration 28 - Primary', TRUE, 1, 'illustrations/asset_28', 'https://res.cloudinary.com/blackinkpaper/image/upload/v1778613689/illustrations/asset_28.svg', 0.852, 259, 304, NULL, 'svg', 300, 1537443),
(17, 20, 'Illustration 29 - Primary', TRUE, 1, 'illustrations/asset_29', 'https://res.cloudinary.com/blackinkpaper/image/upload/v1778613729/illustrations/asset_29.svg', 0.6399, 398, 622, NULL, 'svg', 300, 3577129),
(18, 21, 'Illustration 3 - Primary', TRUE, 1, 'illustrations/asset_3', 'https://res.cloudinary.com/blackinkpaper/image/upload/v1778613815/illustrations/asset_3.svg', 0.7546, 372, 493, NULL, 'svg', 300, 3524981),
(19, 22, 'Illustration 30 - Primary', TRUE, 1, 'illustrations/asset_30', 'https://res.cloudinary.com/blackinkpaper/image/upload/v1778613885/illustrations/asset_30.svg', 0.7171, 398, 555, NULL, 'svg', 300, 806115),
(20, 23, 'Illustration 31 - Primary', TRUE, 1, 'illustrations/asset_31', 'https://res.cloudinary.com/blackinkpaper/image/upload/v1778613901/illustrations/asset_31.svg', 0.7171, 398, 555, NULL, 'svg', 300, 836509);

-- Map_ProductTags (New Arrival)
INSERT INTO Map_ProductTags (ProductId, TagId) VALUES
(4, 3),
(5, 3),
(6, 3),
(7, 3),
(8, 3),
(9, 3),
(10, 3),
(11, 3),
(12, 3),
(13, 3),
(14, 3),
(15, 3),
(16, 3),
(17, 3),
(18, 3),
(19, 3),
(20, 3),
(21, 3),
(22, 3),
(23, 3);

-- Sync sequences
SELECT setval(pg_get_serial_sequence('Products', 'id'), COALESCE(MAX(id), 1)) FROM Products;
SELECT setval(pg_get_serial_sequence('ProductVariants', 'id'), COALESCE(MAX(id), 1)) FROM ProductVariants;
SELECT setval(pg_get_serial_sequence('ProductVariantOptions', 'id'), COALESCE(MAX(id), 1)) FROM ProductVariantOptions;
SELECT setval(pg_get_serial_sequence('ProductImages', 'id'), COALESCE(MAX(id), 1)) FROM ProductImages;

COMMIT;